ri_item_id,count
nic.in/353f7cb4adcc6d5b14a408b0d34076046994e422/rs.iudx.org.in/chandigarh-smartbike-docking-info/smartbike-damage-info,0
nic.in/353f7cb4adcc6d5b14a408b0d34076046994e422/rs.iudx.org.in/chandigarh-smartbike-docking-info/smartbike-ride-info,0
kerala.gov.in/5fc7328fcef461b294ea12d88aafc79585bf9b96/rs.iudx.org.in/kannur-road-network/road-segment-info,0
nic.in/353f7cb4adcc6d5b14a408b0d34076046994e422/rs.iudx.org.in/chandigarh-smartbike-docking-locations/fare-info,0
nic.in/353f7cb4adcc6d5b14a408b0d34076046994e422/rs.iudx.org.in/chandigarh-smartbike-docking-locations/station-locations,0
nic.in/353f7cb4adcc6d5b14a408b0d34076046994e422/rs.iudx.org.in/chandigarh-smartbike-docking-info/slot-availability-info,0
gov.in/dd81437d71e193a1a950cb40f11c42357957bbb1/rs.iudx.org.in/bhubaneswar-env-aqm/kiit-square,0
datakaveri.org/04a15c9960ffda227e9546f3f46e629e1fe4132b/rs.iudx.org.in/pune-env-flood/FWR037,0
datakaveri.org/04a15c9960ffda227e9546f3f46e629e1fe4132b/rs.iudx.org.in/pune-env-flood/FWR026,0
datakaveri.org/04a15c9960ffda227e9546f3f46e629e1fe4132b/rs.iudx.org.in/pune-env-flood/FWR047,0
safetipin.com/b8381c67aa6362916a44837f3c6612db1e07a11f/rs.iudx.org.in/pune-safetipin/audit-score,0
safetipin.com/b8381c67aa6362916a44837f3c6612db1e07a11f/rs.iudx.org.in/pune-safetipin/feeling-score,0
datakaveri.org/04a15c9960ffda227e9546f3f46e629e1fe4132b/rs.iudx.org.in/pune-env-flood/FWR046,0
datakaveri.org/04a15c9960ffda227e9546f3f46e629e1fe4132b/rs.iudx.org.in/pune-env-flood/FWR036,0
datakaveri.org/04a15c9960ffda227e9546f3f46e629e1fe4132b/rs.iudx.org.in/pune-env-flood/FWR039,0
datakaveri.org/04a15c9960ffda227e9546f3f46e629e1fe4132b/rs.iudx.org.in/pune-env-flood/FWR070,0
datakaveri.org/04a15c9960ffda227e9546f3f46e629e1fe4132b/rs.iudx.org.in/pune-env-flood/FWR045,0
datakaveri.org/04a15c9960ffda227e9546f3f46e629e1fe4132b/rs.iudx.org.in/pune-env-flood/FWR025,0
datakaveri.org/04a15c9960ffda227e9546f3f46e629e1fe4132b/rs.iudx.org.in/pune-env-flood/FWR069,0
datakaveri.org/04a15c9960ffda227e9546f3f46e629e1fe4132b/rs.iudx.org.in/pune-env-flood/FWR024,0
datakaveri.org/04a15c9960ffda227e9546f3f46e629e1fe4132b/rs.iudx.org.in/pune-env-flood/FWR030,0
datakaveri.org/04a15c9960ffda227e9546f3f46e629e1fe4132b/rs.iudx.org.in/pune-env-flood/FWR068,0
datakaveri.org/04a15c9960ffda227e9546f3f46e629e1fe4132b/rs.iudx.org.in/pune-env-flood/FWR067,0
datakaveri.org/04a15c9960ffda227e9546f3f46e629e1fe4132b/rs.iudx.org.in/pune-env-flood/FWR066,0
vmc.gov.in/ae95ac0975a80bd4fd4127c68d3a5b6f141a3436/rs.iudx.org.in/vadodara-point-of-interests/aqm-sensor-locations,0
vmc.gov.in/ae95ac0975a80bd4fd4127c68d3a5b6f141a3436/rs.iudx.org.in/vadodara-env-aqm/aqm-info,0
smartbikemobility.com/bfc54d46ca3cf5dac6eaef7b42f8fc87f94a812b/rs.iudx.org.in/chennai-bike-docking-locations/station-locations,0
cscl.co.in/6c614d4ddb17b0dfc6e3c1bc8ddcb25ce25e310b/rs.iudx.org.in/chennai-smart-parking/parking-info,0
cscl.co.in/6c614d4ddb17b0dfc6e3c1bc8ddcb25ce25e310b/rs.iudx.org.in/chennai-point-of-interests/smart-parking-locations,0
cscl.co.in/6c614d4ddb17b0dfc6e3c1bc8ddcb25ce25e310b/rs.iudx.org.in/chennai-point-of-interests/smart-pole-locations,0
cscl.co.in/6c614d4ddb17b0dfc6e3c1bc8ddcb25ce25e310b/rs.iudx.org.in/chennai-point-of-interests/vmd-locations,0
rmc.gov.in/c344cf2cb2ec9f694ba84e2121b07ab12039837c/rs.iudx.org.in/rajkot-point-of-interests/wifi-locations,1
rmc.gov.in/c344cf2cb2ec9f694ba84e2121b07ab12039837c/rs.iudx.org.in/rajkot-point-of-interests/led-locations,2
rmc.gov.in/c344cf2cb2ec9f694ba84e2121b07ab12039837c/rs.iudx.org.in/rajkot-point-of-interests/atcs-locations,1
rmc.gov.in/c344cf2cb2ec9f694ba84e2121b07ab12039837c/rs.iudx.org.in/rajkot-point-of-interests/anti-hawking-camera-locations,1
rmc.gov.in/c344cf2cb2ec9f694ba84e2121b07ab12039837c/rs.iudx.org.in/rajkot-point-of-interests/anpr-locations,1
rmc.gov.in/c344cf2cb2ec9f694ba84e2121b07ab12039837c/rs.iudx.org.in/rajkot-point-of-interests/env-sensor-locations,1
rmc.gov.in/c344cf2cb2ec9f694ba84e2121b07ab12039837c/rs.iudx.org.in/rajkot-point-of-interests/pa-locations,1
nic.in/353f7cb4adcc6d5b14a408b0d34076046994e422/rs.iudx.org.in/chandigarh-itms-info/bus-stops-info,0
nic.in/353f7cb4adcc6d5b14a408b0d34076046994e422/rs.iudx.org.in/chandigarh-itms-info/bus-route-info,0
dahodsmartcity.in/4eed16378ec4e797bdd0427775acffa9b4b33f77/rs.iudx.org.in/dahod-point-of-interests/digital-kiosk-locations,0
dahodsmartcity.in/4eed16378ec4e797bdd0427775acffa9b4b33f77/rs.iudx.org.in/dahod-point-of-interests/smartpole-locations,0
nic.in/353f7cb4adcc6d5b14a408b0d34076046994e422/rs.iudx.org.in/chandigarh-itms-info/vehicle-info,0
gujarat.gov.in/25fe0b1811bf2ab8ee626db19f84d4a2fa4ccb9e/rs.iudx.org.in/gandhinagar-point-of-interests/ecb-locations,0
datakaveri.org/2e06b7688640758f8dc08e79f3715d74e6f31f94/rs.iudx.org.in/dharamshala-point-of-interests/waste-bin-locations,0
gujarat.gov.in/25fe0b1811bf2ab8ee626db19f84d4a2fa4ccb9e/rs.iudx.org.in/gandhinagar-point-of-interests/pa-locations,0
gujarat.gov.in/25fe0b1811bf2ab8ee626db19f84d4a2fa4ccb9e/rs.iudx.org.in/gandhinagar-point-of-interests/aqm-sensor-locations,0
gujarat.gov.in/25fe0b1811bf2ab8ee626db19f84d4a2fa4ccb9e/rs.iudx.org.in/gandhinagar-point-of-interests/cctv-locations,0
gujarat.gov.in/25fe0b1811bf2ab8ee626db19f84d4a2fa4ccb9e/rs.iudx.org.in/gandhinagar-point-of-interests/atcs-locations,0
gujarat.gov.in/25fe0b1811bf2ab8ee626db19f84d4a2fa4ccb9e/rs.iudx.org.in/gandhinagar-point-of-interests/vmsb-locations,0
gujarat.gov.in/25fe0b1811bf2ab8ee626db19f84d4a2fa4ccb9e/rs.iudx.org.in/gandhinagar-point-of-interests/swm-bin-locations,0
gujarat.gov.in/25fe0b1811bf2ab8ee626db19f84d4a2fa4ccb9e/rs.iudx.org.in/gandhinagar-point-of-interests/svd-locations,0
gujarat.gov.in/25fe0b1811bf2ab8ee626db19f84d4a2fa4ccb9e/rs.iudx.org.in/gandhinagar-point-of-interests/smartpole-locations,0
gujarat.gov.in/25fe0b1811bf2ab8ee626db19f84d4a2fa4ccb9e/rs.iudx.org.in/gandhinagar-point-of-interests/rlvd-locations,0
datakaveri.org/2e06b7688640758f8dc08e79f3715d74e6f31f94/rs.iudx.org.in/dharamshala-point-of-interests/park-locations,0
datakaveri.org/2e06b7688640758f8dc08e79f3715d74e6f31f94/rs.iudx.org.in/dharamshala-point-of-interests/government-building-locations,0
datakaveri.org/2e06b7688640758f8dc08e79f3715d74e6f31f94/rs.iudx.org.in/dharamshala-point-of-interests/goverenment-building-locations,0
datakaveri.org/e394655e381dcc5c2a7260dc7bd0f196f664d95c/rs.iudx.org.in/shimla-public-schemes/shimla-wcd-schemes,0
ahmedabadcity.gov.in/916dcebcea50b550f573d5e39a2518d8a4ff30d1/rs.iudx.org.in/ahmedabad-point-of-interests/pa-locations,0
ahmedabadcity.gov.in/916dcebcea50b550f573d5e39a2518d8a4ff30d1/rs.iudx.org.in/ahmedabad-point-of-interests/atcs-locations,0
ahmedabadcity.gov.in/916dcebcea50b550f573d5e39a2518d8a4ff30d1/rs.iudx.org.in/ahmedabad-point-of-interests/wifi-locations,0
ahmedabadcity.gov.in/916dcebcea50b550f573d5e39a2518d8a4ff30d1/rs.iudx.org.in/ahmedabad-point-of-interests/vmd-locations,0
ahmedabadcity.gov.in/916dcebcea50b550f573d5e39a2518d8a4ff30d1/rs.iudx.org.in/ahmedabad-point-of-interests/traffic-camera-locations,0
pcmcindia.gov.in/d6b9c76cf48cd740de64b573ae6fa5f334df6ef6/rs.iudx.org.in/pimpri-chinchwad-point-of-interests/wifi-locations,0
kerala.gov.in/5fc7328fcef461b294ea12d88aafc79585bf9b96/rs.iudx.org.in/kannur-ev-charging-stations/station-locations,0
pcmcindia.gov.in/d6b9c76cf48cd740de64b573ae6fa5f334df6ef6/rs.iudx.org.in/pimpri-chinchwad-point-of-interests/digital-kiosk-locations,0
pcmcindia.gov.in/d6b9c76cf48cd740de64b573ae6fa5f334df6ef6/rs.iudx.org.in/pimpri-chinchwad-point-of-interests/ecb-locations,0
pcmcindia.gov.in/d6b9c76cf48cd740de64b573ae6fa5f334df6ef6/rs.iudx.org.in/pimpri-chinchwad-point-of-interests/pa-locations,0
ccmc.gov.in/47545f1de4dd2bd726019fd40f3686487e741eb7/rs.iudx.org.in/coimbatore-point-of-interests/aqm-sensor-locations,0
pcmcindia.gov.in/d6b9c76cf48cd740de64b573ae6fa5f334df6ef6/rs.iudx.org.in/pimpri-chinchwad-point-of-interests/vmsb-locations,0
gvsccl.in/e9da8ac8e57c965f51c068bf8c152f4c1d53e5e4/rs.iudx.org.in/visakhapatnam-swm-vehicles/live-locations,0
srinagarsmartcity.in/bd95482f347e6a906fdf687d66d8ad79cdc047ba/rs.iudx.org.in/srinagar-point-of-interests/vmsb-locations,0
yaana.bike/b9fae846198ebc81fdeb9494f003c5051681c42e/rs.iudx.org.in/tumakuru-bike-docking-stations/yaana-station-locations,0
yaana.bike/b9fae846198ebc81fdeb9494f003c5051681c42e/rs.iudx.org.in/tumakuru-bike-docking-stations/yaana-bikes-availability-info,0
gvsccl.in/e9da8ac8e57c965f51c068bf8c152f4c1d53e5e4/rs.iudx.org.in/visakhapatnam-citizen-app/civic-issues,0
nic.in/353f7cb4adcc6d5b14a408b0d34076046994e422/rs.iudx.org.in/chandigarh-emergency-vehicles/ambulance-live,0
tn.gov.in/acda599e0ff80280064077bda7e685e1e45007f8/rs.iudx.org.in/thoothukudi-road-network/road-segment-info,0
smartcitytumakuru.in/bacef936f16d106508f821f0f4345c7c360c9ff3/rs.iudx.org.in/tumakuru-point-of-interests/pa-locations,0
smartcitytumakuru.in/bacef936f16d106508f821f0f4345c7c360c9ff3/rs.iudx.org.in/tumakuru-point-of-interests/vmsb-locations,0
gov.in/dd81437d71e193a1a950cb40f11c42357957bbb1/rs.iudx.org.in/bhubaneswar-revenue-collection/trade-license-count,0
gov.in/dd81437d71e193a1a950cb40f11c42357957bbb1/rs.iudx.org.in/bhubaneswar-point-of-interests/waste-pickup-points,0
gov.in/dd81437d71e193a1a950cb40f11c42357957bbb1/rs.iudx.org.in/bhubaneswar-itms-additional-info/bus-stops-info,0
gov.in/dd81437d71e193a1a950cb40f11c42357957bbb1/rs.iudx.org.in/bhubaneswar-point-of-interests/digital-kiosk-locations,0
gov.in/dd81437d71e193a1a950cb40f11c42357957bbb1/rs.iudx.org.in/bhubaneswar-itms-additional-info/bus-route-info,0
gov.in/dd81437d71e193a1a950cb40f11c42357957bbb1/rs.iudx.org.in/bhubaneswar-revenue-collection/zone-wise-assessment,0
gov.in/dd81437d71e193a1a950cb40f11c42357957bbb1/rs.iudx.org.in/bhubaneswar-point-of-interests/wifi-locations,0
gov.in/dd81437d71e193a1a950cb40f11c42357957bbb1/rs.iudx.org.in/bhubaneswar-point-of-interests/vms-locations,0
gov.in/dd81437d71e193a1a950cb40f11c42357957bbb1/rs.iudx.org.in/bhubaneswar-point-of-interests/pa-locations,0
vmc.gov.in/ae95ac0975a80bd4fd4127c68d3a5b6f141a3436/rs.iudx.org.in/vadodara-water-distribution/water-pressure,0
vmc.gov.in/ae95ac0975a80bd4fd4127c68d3a5b6f141a3436/rs.iudx.org.in/vadodara-point-of-interests/wifi-locations,0
vmc.gov.in/ae95ac0975a80bd4fd4127c68d3a5b6f141a3436/rs.iudx.org.in/vadodara-water-distribution/water-ph-level,0
vmc.gov.in/ae95ac0975a80bd4fd4127c68d3a5b6f141a3436/rs.iudx.org.in/vadodara-water-distribution/water-turbidity-level,0
vmc.gov.in/ae95ac0975a80bd4fd4127c68d3a5b6f141a3436/rs.iudx.org.in/vadodara-water-distribution/water-level,0
vmc.gov.in/ae95ac0975a80bd4fd4127c68d3a5b6f141a3436/rs.iudx.org.in/vadodara-water-distribution/water-flow,0
vmc.gov.in/ae95ac0975a80bd4fd4127c68d3a5b6f141a3436/rs.iudx.org.in/vadodara-water-distribution/water-discharge,0
vmc.gov.in/ae95ac0975a80bd4fd4127c68d3a5b6f141a3436/rs.iudx.org.in/vadodara-water-additional-info/reservoir-locations,0
vmc.gov.in/ae95ac0975a80bd4fd4127c68d3a5b6f141a3436/rs.iudx.org.in/vadodara-water-additional-info/reservoir-dimensions,0
vmc.gov.in/ae95ac0975a80bd4fd4127c68d3a5b6f141a3436/rs.iudx.org.in/vadodara-point-of-interests/vms-locations,0
vmc.gov.in/ae95ac0975a80bd4fd4127c68d3a5b6f141a3436/rs.iudx.org.in/vadodara-water-distribution/water-chlorine-level,0
vmc.gov.in/ae95ac0975a80bd4fd4127c68d3a5b6f141a3436/rs.iudx.org.in/vadodara-emergency-vehicles/ambulance-live,0
vmc.gov.in/ae95ac0975a80bd4fd4127c68d3a5b6f141a3436/rs.iudx.org.in/vadodara-emergency-vehicles/108-ambulance-live,0
suratmunicipal.org/6db486cb4f720e8585ba1f45a931c63c25dbbbda/rs.iudx.org.in/surat-itms-realtime-info/surat-itms-live-eta,3290
suratmunicipal.org/6db486cb4f720e8585ba1f45a931c63c25dbbbda/rs.iudx.org.in/surat-itms-additional-info/surat-itms-bus-info,7
suratmunicipal.org/6db486cb4f720e8585ba1f45a931c63c25dbbbda/rs.iudx.org.in/surat-revenue-collection/community-hall-bookings,0
suratmunicipal.org/6db486cb4f720e8585ba1f45a931c63c25dbbbda/rs.iudx.org.in/surat-bike-docking-locations/station-locations,0
suratmunicipal.org/6db486cb4f720e8585ba1f45a931c63c25dbbbda/rs.iudx.org.in/surat-bike-docking-locations/fare-info,0
suratmunicipal.org/6db486cb4f720e8585ba1f45a931c63c25dbbbda/rs.iudx.org.in/surat-bike-docking-info/station-slot-info,0
suratmunicipal.org/6db486cb4f720e8585ba1f45a931c63c25dbbbda/rs.iudx.org.in/surat-itms-additional-info/bus-route-info,0
suratmunicipal.org/6db486cb4f720e8585ba1f45a931c63c25dbbbda/rs.iudx.org.in/surat-revenue-collection/auditorium-bookings,0
suratmunicipal.org/6db486cb4f720e8585ba1f45a931c63c25dbbbda/rs.iudx.org.in/surat-itms-additional-info/surat-itms-fare-info,0
suratmunicipal.org/6db486cb4f720e8585ba1f45a931c63c25dbbbda/rs.iudx.org.in/surat-afcs-info/fare-transactions,0
smartcitytumakuru.in/bacef936f16d106508f821f0f4345c7c360c9ff3/rs.iudx.org.in/tumakuru-swm-vehicles/live-locations,0
smartbhopal.city/be4f6266ab6f0ebd625ee31b5841a017f236f5a4/rs.iudx.org.in/bhopal-point-of-interests/wifi-locations,0
smartbhopal.city/be4f6266ab6f0ebd625ee31b5841a017f236f5a4/rs.iudx.org.in/bhopal-point-of-interests/tvds-locations,0
smartbhopal.city/be4f6266ab6f0ebd625ee31b5841a017f236f5a4/rs.iudx.org.in/bhopal-itms-additional-info/route-stop-sequences,0
smartbhopal.city/be4f6266ab6f0ebd625ee31b5841a017f236f5a4/rs.iudx.org.in/bhopal-point-of-interests/smart-bill-board-locations,0
smartbhopal.city/be4f6266ab6f0ebd625ee31b5841a017f236f5a4/rs.iudx.org.in/bhopal-itms-additional-info/fare-info,0
smartbhopal.city/be4f6266ab6f0ebd625ee31b5841a017f236f5a4/rs.iudx.org.in/bhopal-itms-additional-info/bus-stops-info,0
smartbhopal.city/be4f6266ab6f0ebd625ee31b5841a017f236f5a4/rs.iudx.org.in/bhopal-itms-additional-info/bus-depot-info,0
smartbhopal.city/be4f6266ab6f0ebd625ee31b5841a017f236f5a4/rs.iudx.org.in/bhopal-bike-docking-locations/station-locations,0
agrasmartcity.in/2596fbd3d724e5fd241e9ecb8940604be40a492e/rs.iudx.org.in/agra-point-of-interests/shelter-home-locations,0
agrasmartcity.in/2596fbd3d724e5fd241e9ecb8940604be40a492e/rs.iudx.org.in/agra-point-of-interests/public-toilet-locations,0
agrasmartcity.in/2596fbd3d724e5fd241e9ecb8940604be40a492e/rs.iudx.org.in/agra-point-of-interests/pa-locations,0
agrasmartcity.in/2596fbd3d724e5fd241e9ecb8940604be40a492e/rs.iudx.org.in/agra-point-of-interests/aqm-sensor-locations,1
agrasmartcity.in/2596fbd3d724e5fd241e9ecb8940604be40a492e/rs.iudx.org.in/agra-point-of-interests/ecb-locations,0
agrasmartcity.in/2596fbd3d724e5fd241e9ecb8940604be40a492e/rs.iudx.org.in/agra-swachhata-app/civic-issues,0
agrasmartcity.in/2596fbd3d724e5fd241e9ecb8940604be40a492e/rs.iudx.org.in/agra-env-aqm/aqm-info,43
datakaveri.org/f85774a2647d8cf15b87a34c916f2bc20ae2f1f4/rs.iudx.org.in/belagavi-point-of-interests/wifi-locations,0
datakaveri.org/f85774a2647d8cf15b87a34c916f2bc20ae2f1f4/rs.iudx.org.in/belagavi-point-of-interests/smart-pole-locations,0
datakaveri.org/f85774a2647d8cf15b87a34c916f2bc20ae2f1f4/rs.iudx.org.in/belagavi-point-of-interests/landfill-locations,0
datakaveri.org/f85774a2647d8cf15b87a34c916f2bc20ae2f1f4/rs.iudx.org.in/belagavi-point-of-interests/water-quality-sensor-locations,0
datakaveri.org/f85774a2647d8cf15b87a34c916f2bc20ae2f1f4/rs.iudx.org.in/belagavi-point-of-interests/ultrasonic-bulk-flow-meter-locations,0
datakaveri.org/f85774a2647d8cf15b87a34c916f2bc20ae2f1f4/rs.iudx.org.in/belagavi-point-of-interests/blackspot-cctv-locations,0
datakaveri.org/f85774a2647d8cf15b87a34c916f2bc20ae2f1f4/rs.iudx.org.in/belagavi-point-of-interests/smart-busshelter-locations,0
elcita.in/5c6cb972398bd01ad8c299f1e55da815e0c394f0/rs.iudx.org.in/bengaluru-elcita-streetlight-locations/location-info,0
yulu.bike/8d3f8797db270e3c2f4a63aaa8b09bf63d66932b/rs.iudx.org.in/bengaluru-yulu-docking-locations/yulu-station-locations,0
elcita.in/5c6cb972398bd01ad8c299f1e55da815e0c394f0/rs.iudx.org.in/bengaluru-elcita-stp/stp-flow,0
yulu.bike/8d3f8797db270e3c2f4a63aaa8b09bf63d66932b/rs.iudx.org.in/bengaluru-yulu-docking-info/station-slot-info,0
elcita.in/5c6cb972398bd01ad8c299f1e55da815e0c394f0/rs.iudx.org.in/bengaluru-elcita-streetlight/energy-consumption,0
elcita.in/5c6cb972398bd01ad8c299f1e55da815e0c394f0/rs.iudx.org.in/bengaluru-elcita-env-aqm/paqs-office,0
elcita.in/5c6cb972398bd01ad8c299f1e55da815e0c394f0/rs.iudx.org.in/bengaluru-elcita-env-aqm/opp-siemens,0
elcita.in/5c6cb972398bd01ad8c299f1e55da815e0c394f0/rs.iudx.org.in/bengaluru-elcita-mobile-env-aqm/elcita-mobile,0
datakaveri.org/fb0924bef803e220e0d0bc8ceaf0a1f999442f32/rs.iudx.org.in/bengaluru-metro-additional-info/metro-stations-location,4
elcita.in/5c6cb972398bd01ad8c299f1e55da815e0c394f0/rs.iudx.org.in/bengaluru-elcita-shuttle/bus-stops-info,0
datakaveri.org/fb0924bef803e220e0d0bc8ceaf0a1f999442f32/rs.iudx.org.in/bengaluru-metro-additional-info/metro-lines,2
elcita.in/5c6cb972398bd01ad8c299f1e55da815e0c394f0/rs.iudx.org.in/bengaluru-elcita-shuttle-realtime/shuttle-live,0
datakaveri.org/fb0924bef803e220e0d0bc8ceaf0a1f999442f32/rs.iudx.org.in/bengaluru-emergency-vehicles/ambulance-live,1
varanasismartcity.gov.in/62d1f729edd3d2a1a090cb1c6c89356296963d55/rs.iudx.org.in/varanasi-point-of-interests/vms-locations,0
varanasismartcity.gov.in/62d1f729edd3d2a1a090cb1c6c89356296963d55/rs.iudx.org.in/varanasi-traffic-violations/e-challan,0
varanasismartcity.gov.in/62d1f729edd3d2a1a090cb1c6c89356296963d55/rs.iudx.org.in/varanasi-point-of-interests/pa-locations,0
varanasismartcity.gov.in/62d1f729edd3d2a1a090cb1c6c89356296963d55/rs.iudx.org.in/varanasi-point-of-interests/smartpole-locations,0
varanasismartcity.gov.in/62d1f729edd3d2a1a090cb1c6c89356296963d55/rs.iudx.org.in/varanasi-swm-bin-level/varanasi-swm-bin-fullness,0
varanasismartcity.gov.in/62d1f729edd3d2a1a090cb1c6c89356296963d55/rs.iudx.org.in/varanasi-swm-vehicle-fuel-info/fuel-disbursement,0
varanasismartcity.gov.in/62d1f729edd3d2a1a090cb1c6c89356296963d55/rs.iudx.org.in/varanasi-swm-additional-info/varanasi-swm-bin-details,0
varanasismartcity.gov.in/62d1f729edd3d2a1a090cb1c6c89356296963d55/rs.iudx.org.in/swachhata-app/civic-issues,0
varanasismartcity.gov.in/62d1f729edd3d2a1a090cb1c6c89356296963d55/rs.iudx.org.in/varanasi-swm-employees/employee-attendance,0
varanasismartcity.gov.in/62d1f729edd3d2a1a090cb1c6c89356296963d55/rs.iudx.org.in/varanasi-swm-additional-info/employee-info,0
suratmunicipal.org/6db486cb4f720e8585ba1f45a931c63c25dbbbda/rs.iudx.org.in/surat-point-of-interests/waste-pickup-points,0
suratmunicipal.org/6db486cb4f720e8585ba1f45a931c63c25dbbbda/rs.iudx.org.in/surat-swm/waste-collected,0
suratmunicipal.org/6db486cb4f720e8585ba1f45a931c63c25dbbbda/rs.iudx.org.in/surat-revenue-collection/professional-tax,0
suratmunicipal.org/6db486cb4f720e8585ba1f45a931c63c25dbbbda/rs.iudx.org.in/surat-revenue-collection/vehicle-registration,0
suratmunicipal.org/6db486cb4f720e8585ba1f45a931c63c25dbbbda/rs.iudx.org.in/surat-itms-additional-info/bus-stops-info,0
suratmunicipal.org/6db486cb4f720e8585ba1f45a931c63c25dbbbda/rs.iudx.org.in/surat-itms-additional-info/surat-itms-depot-info,0
suratmunicipal.org/6db486cb4f720e8585ba1f45a931c63c25dbbbda/rs.iudx.org.in/surat-itms-realtime-info/surat-itms-schedule-info,0
suratmunicipal.org/6db486cb4f720e8585ba1f45a931c63c25dbbbda/rs.iudx.org.in/surat-revenue-collection/party-plot-bookings,0
suratmunicipal.org/6db486cb4f720e8585ba1f45a931c63c25dbbbda/rs.iudx.org.in/surat-itms-realtime-info/passenger-occupancy-count,0
datakaveri.org/04a15c9960ffda227e9546f3f46e629e1fe4132b/rs.iudx.org.in/pune-env-aqm/ae767590-445c-4079-14a6-6a954239d7c7,1
datakaveri.org/04a15c9960ffda227e9546f3f46e629e1fe4132b/rs.iudx.org.in/pune-env-aqm/145bacfd-da11-d35f-ed80-ce7475d9bf3d,0
datakaveri.org/04a15c9960ffda227e9546f3f46e629e1fe4132b/rs.iudx.org.in/pune-env-aqm/b4b9e3b8-fcfa-08c2-a9c5-2093748a116c,0
datakaveri.org/04a15c9960ffda227e9546f3f46e629e1fe4132b/rs.iudx.org.in/pune-env-aqm/67ae0343-59e4-e88f-bc4a-f55e7789df44,1
datakaveri.org/04a15c9960ffda227e9546f3f46e629e1fe4132b/rs.iudx.org.in/pune-env-aqm/146a3c4f-c6e4-959f-e967-f0cfd5b03dcb,1
datakaveri.org/04a15c9960ffda227e9546f3f46e629e1fe4132b/rs.iudx.org.in/pune-env-aqm/0541f9dd-2787-d791-9340-c30da7750de7,0
datakaveri.org/04a15c9960ffda227e9546f3f46e629e1fe4132b/rs.iudx.org.in/pune-env-aqm/d824fa46-223b-f248-493e-80bb5bdeda68,0
datakaveri.org/04a15c9960ffda227e9546f3f46e629e1fe4132b/rs.iudx.org.in/pune-env-aqm/05fbae93-d3f7-0bbe-dd5d-2c2b4180edc7,0
datakaveri.org/04a15c9960ffda227e9546f3f46e629e1fe4132b/rs.iudx.org.in/pune-env-aqm/8011a665-ea2b-dd08-4c49-667bb2256545,0
datakaveri.org/04a15c9960ffda227e9546f3f46e629e1fe4132b/rs.iudx.org.in/pune-env-aqm/6e5c898e-23ee-f77a-82f5-ebc4998f5f4a,0
datakaveri.org/04a15c9960ffda227e9546f3f46e629e1fe4132b/rs.iudx.org.in/pune-env-aqm/b075ef08-a5cc-e920-6be3-f57e5b7731c5,0
datakaveri.org/04a15c9960ffda227e9546f3f46e629e1fe4132b/rs.iudx.org.in/pune-env-aqm/2922b6ff-0271-cde4-9378-bd00f1a6ea3c,0
datakaveri.org/04a15c9960ffda227e9546f3f46e629e1fe4132b/rs.iudx.org.in/pune-env-aqm/3d3a569a-1a89-c3b6-671c-5675e4132c32,0
datakaveri.org/04a15c9960ffda227e9546f3f46e629e1fe4132b/rs.iudx.org.in/pune-env-aqm/a1198ebc-db62-1c31-28c6-09d51441f153,0
datakaveri.org/04a15c9960ffda227e9546f3f46e629e1fe4132b/rs.iudx.org.in/pune-env-aqm/503328c5-a2ac-bfae-fd08-cf2630f51a7b,0
datakaveri.org/04a15c9960ffda227e9546f3f46e629e1fe4132b/rs.iudx.org.in/pune-env-aqm/83cdf03d-5787-7052-08aa-143cfbfb807d,0
datakaveri.org/04a15c9960ffda227e9546f3f46e629e1fe4132b/rs.iudx.org.in/pune-env-aqm/184ba502-22a8-ad15-a8f1-c966cd3aa7a7,0
datakaveri.org/04a15c9960ffda227e9546f3f46e629e1fe4132b/rs.iudx.org.in/pune-env-aqm/b3ec32ff-fa7d-64fa-c0af-272e25d314e9,0
datakaveri.org/04a15c9960ffda227e9546f3f46e629e1fe4132b/rs.iudx.org.in/pune-env-aqm/57c0323e-4cf7-2b22-0e54-e9c043d235cb,0
datakaveri.org/04a15c9960ffda227e9546f3f46e629e1fe4132b/rs.iudx.org.in/pune-env-aqm/c7b8f786-2f89-116f-d98d-8c54bfc7caaf,0
datakaveri.org/04a15c9960ffda227e9546f3f46e629e1fe4132b/rs.iudx.org.in/pune-env-aqm/02b868e6-59f7-9359-3ae3-6feaf0e6bd9f,0
datakaveri.org/04a15c9960ffda227e9546f3f46e629e1fe4132b/rs.iudx.org.in/pune-env-aqm/db3d6ea0-a84a-b3d6-7ec9-71ae66736273,0
datakaveri.org/04a15c9960ffda227e9546f3f46e629e1fe4132b/rs.iudx.org.in/pune-env-aqm/52e11fbe-2458-987f-b756-8c5cab1f051e,0
datakaveri.org/04a15c9960ffda227e9546f3f46e629e1fe4132b/rs.iudx.org.in/pune-env-aqm/a841398a-4739-72ff-497a-a439364f459a,0
datakaveri.org/04a15c9960ffda227e9546f3f46e629e1fe4132b/rs.iudx.org.in/pune-env-aqm/f40c0b8e-248f-9f62-414e-7e2a7065d53e,0
datakaveri.org/04a15c9960ffda227e9546f3f46e629e1fe4132b/rs.iudx.org.in/pune-env-aqm/c37c6979-6802-4a1c-c852-609b7706f5ba,0
datakaveri.org/04a15c9960ffda227e9546f3f46e629e1fe4132b/rs.iudx.org.in/pune-env-aqm/12bd3b5b-a189-0d10-3a1f-20a0ba699d7f,0
datakaveri.org/04a15c9960ffda227e9546f3f46e629e1fe4132b/rs.iudx.org.in/pune-env-aqm/d3f2fcf3-24de-0fb6-7b74-0d7b3fa0467d,0
datakaveri.org/04a15c9960ffda227e9546f3f46e629e1fe4132b/rs.iudx.org.in/pune-env-aqm/7bd8af4f-99bf-2f69-996c-5fde241fb29a,0
datakaveri.org/04a15c9960ffda227e9546f3f46e629e1fe4132b/rs.iudx.org.in/pune-env-aqm/d90466f6-a69a-6989-e54a-eddb4dc47fd4,0
datakaveri.org/04a15c9960ffda227e9546f3f46e629e1fe4132b/rs.iudx.org.in/pune-env-aqm/390a5098-1616-60ca-955e-ce9b5d3ee5f9,0
datakaveri.org/04a15c9960ffda227e9546f3f46e629e1fe4132b/rs.iudx.org.in/pune-env-aqm/9426e6f0-71cc-d3f1-6466-760ac8b655a2,0
datakaveri.org/04a15c9960ffda227e9546f3f46e629e1fe4132b/rs.iudx.org.in/pune-env-aqm/2353b250-df9a-4108-8e2c-240955969d7e,0
datakaveri.org/04a15c9960ffda227e9546f3f46e629e1fe4132b/rs.iudx.org.in/pune-env-aqm/388977ff-210f-b2f4-19e6-c619669708a2,0
datakaveri.org/04a15c9960ffda227e9546f3f46e629e1fe4132b/rs.iudx.org.in/pune-env-aqm/a70a062d-1bc8-ba77-a530-af9b5d4f2145,0
datakaveri.org/04a15c9960ffda227e9546f3f46e629e1fe4132b/rs.iudx.org.in/pune-env-aqm/763f8470-1fca-6f8b-3a8b-ee883a0c5f06,0
datakaveri.org/04a15c9960ffda227e9546f3f46e629e1fe4132b/rs.iudx.org.in/pune-env-aqm/0ede317b-62b5-86e2-de37-604271f37d73,0
datakaveri.org/04a15c9960ffda227e9546f3f46e629e1fe4132b/rs.iudx.org.in/pune-env-aqm/978ed964-88ee-fbc8-2092-5e41065c6405,0
varanasismartcity.gov.in/62d1f729edd3d2a1a090cb1c6c89356296963d55/rs.iudx.org.in/varanasi-env-aqm/EM_01_0105_01,0
varanasismartcity.gov.in/62d1f729edd3d2a1a090cb1c6c89356296963d55/rs.iudx.org.in/varanasi-env-aqm/EM_01_0134_60,0
varanasismartcity.gov.in/62d1f729edd3d2a1a090cb1c6c89356296963d55/rs.iudx.org.in/varanasi-env-aqm/EM_01_0135_61,0
varanasismartcity.gov.in/62d1f729edd3d2a1a090cb1c6c89356296963d55/rs.iudx.org.in/varanasi-env-aqm/EM_01_0936_62,0
varanasismartcity.gov.in/62d1f729edd3d2a1a090cb1c6c89356296963d55/rs.iudx.org.in/varanasi-env-aqm/EM_01_0101_01,0
varanasismartcity.gov.in/62d1f729edd3d2a1a090cb1c6c89356296963d55/rs.iudx.org.in/varanasi-env-aqm/EM_01_0102_01,0
varanasismartcity.gov.in/62d1f729edd3d2a1a090cb1c6c89356296963d55/rs.iudx.org.in/varanasi-env-aqm/EM_01_0106_01,0
varanasismartcity.gov.in/62d1f729edd3d2a1a090cb1c6c89356296963d55/rs.iudx.org.in/varanasi-env-aqm/EM_01_0110_01,0
varanasismartcity.gov.in/62d1f729edd3d2a1a090cb1c6c89356296963d55/rs.iudx.org.in/varanasi-env-aqm/EM_01_0103_01,0
varanasismartcity.gov.in/62d1f729edd3d2a1a090cb1c6c89356296963d55/rs.iudx.org.in/varanasi-env-aqm/EM_01_0133_59,0
varanasismartcity.gov.in/62d1f729edd3d2a1a090cb1c6c89356296963d55/rs.iudx.org.in/varanasi-env-aqm/EM_01_1037_63,0
varanasismartcity.gov.in/62d1f729edd3d2a1a090cb1c6c89356296963d55/rs.iudx.org.in/varanasi-env-aqm/EM_01_0138_64,0
varanasismartcity.gov.in/62d1f729edd3d2a1a090cb1c6c89356296963d55/rs.iudx.org.in/varanasi-env-aqm/EM_01_0104_01,0
varanasismartcity.gov.in/62d1f729edd3d2a1a090cb1c6c89356296963d55/rs.iudx.org.in/varanasi-env-aqm/EM_01_0140_66,0
varanasismartcity.gov.in/62d1f729edd3d2a1a090cb1c6c89356296963d55/rs.iudx.org.in/varanasi-env-aqm/EM_01_0139_65,0
datakaveri.org/04a15c9960ffda227e9546f3f46e629e1fe4132b/rs.iudx.org.in/pune-env-aqm/2a072b6c-ec0b-d307-bdc6-86a8b585f5df,0
datakaveri.org/04a15c9960ffda227e9546f3f46e629e1fe4132b/rs.iudx.org.in/pune-env-aqm/3c84ae0f-dcca-fd9b-1f09-bc0f0e092b63,0
datakaveri.org/04a15c9960ffda227e9546f3f46e629e1fe4132b/rs.iudx.org.in/pune-env-aqm/169af06f-bfee-3513-56e5-b9ddd7b863f0,0
datakaveri.org/04a15c9960ffda227e9546f3f46e629e1fe4132b/rs.iudx.org.in/pune-env-aqm/8cff12b2-b8be-1230-c5f6-ca96b4e4e441,0
datakaveri.org/04a15c9960ffda227e9546f3f46e629e1fe4132b/rs.iudx.org.in/pune-env-aqm/02f7e7ee-29d6-c1c1-4d98-8f74981d9683,0
datakaveri.org/04a15c9960ffda227e9546f3f46e629e1fe4132b/rs.iudx.org.in/pune-env-aqm/17429134-c3d7-da41-0057-388a28723913,0
datakaveri.org/04a15c9960ffda227e9546f3f46e629e1fe4132b/rs.iudx.org.in/pune-env-aqm/21ece4ba-0dcf-843a-16e0-35e0082277dd,0
datakaveri.org/04a15c9960ffda227e9546f3f46e629e1fe4132b/rs.iudx.org.in/pune-env-aqm/98bf83b7-a2b8-ea70-88aa-7d1d9f33dbe0,0
datakaveri.org/04a15c9960ffda227e9546f3f46e629e1fe4132b/rs.iudx.org.in/pune-env-aqm/10b6d0f8-ae93-6622-5d1b-76af4bebc11e,0
datakaveri.org/04a15c9960ffda227e9546f3f46e629e1fe4132b/rs.iudx.org.in/pune-env-aqm/f36b4669-628b-ad93-9970-f9d424afbf75,6581
datakaveri.org/04a15c9960ffda227e9546f3f46e629e1fe4132b/rs.iudx.org.in/pune-env-weather/Katraj,0
datakaveri.org/04a15c9960ffda227e9546f3f46e629e1fe4132b/rs.iudx.org.in/pune-env-weather/Lohgaon,0
datakaveri.org/04a15c9960ffda227e9546f3f46e629e1fe4132b/rs.iudx.org.in/pune-env-weather/Shivajinagar,0
datakaveri.org/04a15c9960ffda227e9546f3f46e629e1fe4132b/rs.iudx.org.in/pune-env-weather/Pashan,0
datakaveri.org/04a15c9960ffda227e9546f3f46e629e1fe4132b/rs.iudx.org.in/pune-env-weather/Bhosari,0
datakaveri.org/04a15c9960ffda227e9546f3f46e629e1fe4132b/rs.iudx.org.in/pune-env-weather/Hadapsar,0
datakaveri.org/04a15c9960ffda227e9546f3f46e629e1fe4132b/rs.iudx.org.in/pune-env-weather/Alandi,0
datakaveri.org/04a15c9960ffda227e9546f3f46e629e1fe4132b/rs.iudx.org.in/pune-env-weather/Bhumkar_Chowk,0
datakaveri.org/04a15c9960ffda227e9546f3f46e629e1fe4132b/rs.iudx.org.in/pune-env-weather/Manjari,0
datakaveri.org/04a15c9960ffda227e9546f3f46e629e1fe4132b/rs.iudx.org.in/pune-env-weather/Nigadi,0
cscl.co.in/6c614d4ddb17b0dfc6e3c1bc8ddcb25ce25e310b/rs.iudx.org.in/chennai-water-level/mc-road-subway-stanley-hospital,0
cscl.co.in/6c614d4ddb17b0dfc6e3c1bc8ddcb25ce25e310b/rs.iudx.org.in/chennai-water-level/nandambakkam-canal-valluvar-salai-junction,0
cscl.co.in/6c614d4ddb17b0dfc6e3c1bc8ddcb25ce25e310b/rs.iudx.org.in/chennai-water-level/nusnbqr6,0
cscl.co.in/6c614d4ddb17b0dfc6e3c1bc8ddcb25ce25e310b/rs.iudx.org.in/chennai-water-level/dpx380sw,0
cscl.co.in/6c614d4ddb17b0dfc6e3c1bc8ddcb25ce25e310b/rs.iudx.org.in/chennai-water-level/mgr-canal,0
cscl.co.in/6c614d4ddb17b0dfc6e3c1bc8ddcb25ce25e310b/rs.iudx.org.in/chennai-water-level/duraisamy-subway,0
cscl.co.in/6c614d4ddb17b0dfc6e3c1bc8ddcb25ce25e310b/rs.iudx.org.in/chennai-water-level/villivakkam-subway,0
cscl.co.in/6c614d4ddb17b0dfc6e3c1bc8ddcb25ce25e310b/rs.iudx.org.in/chennai-water-level/korattur-surplus-canal,0
cscl.co.in/6c614d4ddb17b0dfc6e3c1bc8ddcb25ce25e310b/rs.iudx.org.in/chennai-water-level/stanley-nagar-jn-of-otteri-nullah,0
cscl.co.in/6c614d4ddb17b0dfc6e3c1bc8ddcb25ce25e310b/rs.iudx.org.in/chennai-water-level/disposal-point-tharamani-link-road-to-b-canal,0
cscl.co.in/6c614d4ddb17b0dfc6e3c1bc8ddcb25ce25e310b/rs.iudx.org.in/chennai-water-level/madley-subway,0
cscl.co.in/6c614d4ddb17b0dfc6e3c1bc8ddcb25ce25e310b/rs.iudx.org.in/chennai-water-level/vyasarpadi-subway,0
cscl.co.in/6c614d4ddb17b0dfc6e3c1bc8ddcb25ce25e310b/rs.iudx.org.in/chennai-water-level/padi-kuppam-canal,0
cscl.co.in/6c614d4ddb17b0dfc6e3c1bc8ddcb25ce25e310b/rs.iudx.org.in/chennai-water-level/jones-road-subway,0
cscl.co.in/6c614d4ddb17b0dfc6e3c1bc8ddcb25ce25e310b/rs.iudx.org.in/chennai-water-level/ganesapuram-subway,0
cscl.co.in/6c614d4ddb17b0dfc6e3c1bc8ddcb25ce25e310b/rs.iudx.org.in/chennai-water-level/mambalam-canal-cit-nagar,0
cscl.co.in/6c614d4ddb17b0dfc6e3c1bc8ddcb25ce25e310b/rs.iudx.org.in/chennai-water-level/maraimalai-adigalar-bridge,0
cscl.co.in/6c614d4ddb17b0dfc6e3c1bc8ddcb25ce25e310b/rs.iudx.org.in/chennai-water-level/spenzer-plaza-canal-disposal-coovum,0
cscl.co.in/6c614d4ddb17b0dfc6e3c1bc8ddcb25ce25e310b/rs.iudx.org.in/chennai-water-level/b-canal-near-mylapore-railway-station,0
cscl.co.in/6c614d4ddb17b0dfc6e3c1bc8ddcb25ce25e310b/rs.iudx.org.in/chennai-water-level/mount-subway,0
cscl.co.in/6c614d4ddb17b0dfc6e3c1bc8ddcb25ce25e310b/rs.iudx.org.in/chennai-water-level/korattur-lake,0
cscl.co.in/6c614d4ddb17b0dfc6e3c1bc8ddcb25ce25e310b/rs.iudx.org.in/chennai-water-level/rangarajapuram-subway,0
cscl.co.in/6c614d4ddb17b0dfc6e3c1bc8ddcb25ce25e310b/rs.iudx.org.in/chennai-water-level/manickam-nagar-subway,0
cscl.co.in/6c614d4ddb17b0dfc6e3c1bc8ddcb25ce25e310b/rs.iudx.org.in/chennai-water-level/korattur-north-canal-lake,0
cscl.co.in/6c614d4ddb17b0dfc6e3c1bc8ddcb25ce25e310b/rs.iudx.org.in/chennai-water-level/stephenson-bridge-otteri-nullah,0
cscl.co.in/6c614d4ddb17b0dfc6e3c1bc8ddcb25ce25e310b/rs.iudx.org.in/chennai-water-level/nandambakkam-canal-miot-jn-of-river,0
cscl.co.in/6c614d4ddb17b0dfc6e3c1bc8ddcb25ce25e310b/rs.iudx.org.in/chennai-water-level/nandambakkam-canal-behind-dlf-l-t-office,0
cscl.co.in/6c614d4ddb17b0dfc6e3c1bc8ddcb25ce25e310b/rs.iudx.org.in/chennai-env-weather/kathivakkam,0
cscl.co.in/6c614d4ddb17b0dfc6e3c1bc8ddcb25ce25e310b/rs.iudx.org.in/chennai-env-weather/unit-39-adyar,0
cscl.co.in/6c614d4ddb17b0dfc6e3c1bc8ddcb25ce25e310b/rs.iudx.org.in/chennai-env-weather/sholinganallur,0
cscl.co.in/6c614d4ddb17b0dfc6e3c1bc8ddcb25ce25e310b/rs.iudx.org.in/chennai-env-weather/valasaravakkam,0
cscl.co.in/6c614d4ddb17b0dfc6e3c1bc8ddcb25ce25e310b/rs.iudx.org.in/chennai-env-weather/manali,0
cscl.co.in/6c614d4ddb17b0dfc6e3c1bc8ddcb25ce25e310b/rs.iudx.org.in/chennai-env-weather/ambattur,0
cscl.co.in/6c614d4ddb17b0dfc6e3c1bc8ddcb25ce25e310b/rs.iudx.org.in/chennai-env-weather/royapuram,0
cscl.co.in/6c614d4ddb17b0dfc6e3c1bc8ddcb25ce25e310b/rs.iudx.org.in/chennai-env-weather/tvk-nagar,0
cscl.co.in/6c614d4ddb17b0dfc6e3c1bc8ddcb25ce25e310b/rs.iudx.org.in/chennai-env-weather/tondiarpet,0
cscl.co.in/6c614d4ddb17b0dfc6e3c1bc8ddcb25ce25e310b/rs.iudx.org.in/chennai-env-weather/madhavaram,0
cscl.co.in/6c614d4ddb17b0dfc6e3c1bc8ddcb25ce25e310b/rs.iudx.org.in/chennai-env-weather/padi-flyover,0
cscl.co.in/6c614d4ddb17b0dfc6e3c1bc8ddcb25ce25e310b/rs.iudx.org.in/chennai-env-weather/thiruvottiyur,0
cscl.co.in/6c614d4ddb17b0dfc6e3c1bc8ddcb25ce25e310b/rs.iudx.org.in/chennai-env-aqm/gemini-jn,0
cscl.co.in/6c614d4ddb17b0dfc6e3c1bc8ddcb25ce25e310b/rs.iudx.org.in/chennai-env-aqm/ashok-pillar,0
cscl.co.in/6c614d4ddb17b0dfc6e3c1bc8ddcb25ce25e310b/rs.iudx.org.in/chennai-env-aqm/thiruvanmiur-beach-1,0
cscl.co.in/6c614d4ddb17b0dfc6e3c1bc8ddcb25ce25e310b/rs.iudx.org.in/chennai-env-aqm/thamarai-kulam-park,0
cscl.co.in/6c614d4ddb17b0dfc6e3c1bc8ddcb25ce25e310b/rs.iudx.org.in/chennai-env-aqm/independence-day-park,0
cscl.co.in/6c614d4ddb17b0dfc6e3c1bc8ddcb25ce25e310b/rs.iudx.org.in/chennai-env-aqm/anna-nagar-tower-park,0
cscl.co.in/6c614d4ddb17b0dfc6e3c1bc8ddcb25ce25e310b/rs.iudx.org.in/chennai-env-aqm/sathangadu-west-matha-st-jn,0
cscl.co.in/6c614d4ddb17b0dfc6e3c1bc8ddcb25ce25e310b/rs.iudx.org.in/chennai-env-aqm/moolakadai,0
cscl.co.in/6c614d4ddb17b0dfc6e3c1bc8ddcb25ce25e310b/rs.iudx.org.in/chennai-env-aqm/sholinganallur,0
cscl.co.in/6c614d4ddb17b0dfc6e3c1bc8ddcb25ce25e310b/rs.iudx.org.in/chennai-env-aqm/secretariat-park,0
cscl.co.in/6c614d4ddb17b0dfc6e3c1bc8ddcb25ce25e310b/rs.iudx.org.in/chennai-env-aqm/cdh-hospital-park,0
cscl.co.in/6c614d4ddb17b0dfc6e3c1bc8ddcb25ce25e310b/rs.iudx.org.in/chennai-env-aqm/mmda-11-main-rd-park,0
cscl.co.in/6c614d4ddb17b0dfc6e3c1bc8ddcb25ce25e310b/rs.iudx.org.in/chennai-env-aqm/old-tower-park-ambattur,0
cscl.co.in/6c614d4ddb17b0dfc6e3c1bc8ddcb25ce25e310b/rs.iudx.org.in/chennai-env-aqm/passanger-entrance-4th-gate,0
cscl.co.in/6c614d4ddb17b0dfc6e3c1bc8ddcb25ce25e310b/rs.iudx.org.in/chennai-env-aqm/otteri-tropical-dry-ever-green-park-herabal-park,0
cscl.co.in/6c614d4ddb17b0dfc6e3c1bc8ddcb25ce25e310b/rs.iudx.org.in/chennai-env-aqm/gcc,0
cscl.co.in/6c614d4ddb17b0dfc6e3c1bc8ddcb25ce25e310b/rs.iudx.org.in/chennai-env-aqm/marina-beach7,0
cscl.co.in/6c614d4ddb17b0dfc6e3c1bc8ddcb25ce25e310b/rs.iudx.org.in/chennai-env-aqm/abd-jeeva-park,0
datakaveri.org/facec5182e3bf44cc3ac42b0b611263676d668a2/rs.iudx.org.in/agartala-env-aqm/airport,0
datakaveri.org/facec5182e3bf44cc3ac42b0b611263676d668a2/rs.iudx.org.in/agartala-env-aqm/state-museum,0
datakaveri.org/facec5182e3bf44cc3ac42b0b611263676d668a2/rs.iudx.org.in/agartala-env-aqm/secretariat,0
datakaveri.org/facec5182e3bf44cc3ac42b0b611263676d668a2/rs.iudx.org.in/agartala-env-aqm/mbb-college,0
datakaveri.org/facec5182e3bf44cc3ac42b0b611263676d668a2/rs.iudx.org.in/agartala-env-aqm/radha-nagar,0
datakaveri.org/facec5182e3bf44cc3ac42b0b611263676d668a2/rs.iudx.org.in/agartala-env-aqm/shyamali-bazar,0
cscl.co.in/6c614d4ddb17b0dfc6e3c1bc8ddcb25ce25e310b/rs.iudx.org.in/chennai-water-level/kathivakkam-creeks-bridge,0
gov.in/dd81437d71e193a1a950cb40f11c42357957bbb1/rs.iudx.org.in/bhubaneswar-env-aqm/infocity,0
gov.in/dd81437d71e193a1a950cb40f11c42357957bbb1/rs.iudx.org.in/bhubaneswar-env-aqm/rama-devi,0
gov.in/dd81437d71e193a1a950cb40f11c42357957bbb1/rs.iudx.org.in/bhubaneswar-env-aqm/mancheswar,0
gov.in/dd81437d71e193a1a950cb40f11c42357957bbb1/rs.iudx.org.in/bhubaneswar-env-aqm/khandagiri,0
gov.in/dd81437d71e193a1a950cb40f11c42357957bbb1/rs.iudx.org.in/bhubaneswar-env-aqm/dav-unit-8,0
gov.in/dd81437d71e193a1a950cb40f11c42357957bbb1/rs.iudx.org.in/bhubaneswar-env-aqm/lingraj-temple,0
gov.in/dd81437d71e193a1a950cb40f11c42357957bbb1/rs.iudx.org.in/bhubaneswar-env-aqm/master-canteen,0
gov.in/dd81437d71e193a1a950cb40f11c42357957bbb1/rs.iudx.org.in/bhubaneswar-env-aqm/regional-plant,0
gov.in/dd81437d71e193a1a950cb40f11c42357957bbb1/rs.iudx.org.in/bhubaneswar-env-aqm/kalinga-hospital,0
datakaveri.org/04a15c9960ffda227e9546f3f46e629e1fe4132b/rs.iudx.org.in/pune-env-aqm/3c4ebd7e-00e2-3881-ca79-281a1ba5bc22,0
datakaveri.org/04a15c9960ffda227e9546f3f46e629e1fe4132b/rs.iudx.org.in/pune-env-aqm/64131670-4db5-8b9b-6a81-7ddc23f176fd,0
cscl.co.in/6c614d4ddb17b0dfc6e3c1bc8ddcb25ce25e310b/rs.iudx.org.in/chennai-env-weather/meenambakkam-6a-gate,0
cscl.co.in/6c614d4ddb17b0dfc6e3c1bc8ddcb25ce25e310b/rs.iudx.org.in/chennai-env-weather/unit-office-41-perungudi,0
cscl.co.in/6c614d4ddb17b0dfc6e3c1bc8ddcb25ce25e310b/rs.iudx.org.in/chennai-env-weather/puzhal,0
cscl.co.in/6c614d4ddb17b0dfc6e3c1bc8ddcb25ce25e310b/rs.iudx.org.in/chennai-env-weather/uthandi,0
cscl.co.in/6c614d4ddb17b0dfc6e3c1bc8ddcb25ce25e310b/rs.iudx.org.in/chennai-env-weather/ice-house,0
cscl.co.in/6c614d4ddb17b0dfc6e3c1bc8ddcb25ce25e310b/rs.iudx.org.in/chennai-env-weather/division-15-manali,0
cscl.co.in/6c614d4ddb17b0dfc6e3c1bc8ddcb25ce25e310b/rs.iudx.org.in/chennai-env-weather/unit-32-maduravoyal,0
cscl.co.in/6c614d4ddb17b0dfc6e3c1bc8ddcb25ce25e310b/rs.iudx.org.in/chennai-env-weather/division-65-kolathur,0
cscl.co.in/6c614d4ddb17b0dfc6e3c1bc8ddcb25ce25e310b/rs.iudx.org.in/chennai-env-weather/division-156-mugalivakkam,0
cscl.co.in/6c614d4ddb17b0dfc6e3c1bc8ddcb25ce25e310b/rs.iudx.org.in/chennai-env-weather/anna-nagar-malar-colony,0
cscl.co.in/6c614d4ddb17b0dfc6e3c1bc8ddcb25ce25e310b/rs.iudx.org.in/chennai-env-weather/unit-18-division-81-vanagaram,0
cscl.co.in/6c614d4ddb17b0dfc6e3c1bc8ddcb25ce25e310b/rs.iudx.org.in/chennai-env-weather/gcc,0
cscl.co.in/6c614d4ddb17b0dfc6e3c1bc8ddcb25ce25e310b/rs.iudx.org.in/chennai-env-weather/adyar,0
cscl.co.in/6c614d4ddb17b0dfc6e3c1bc8ddcb25ce25e310b/rs.iudx.org.in/chennai-env-weather/alandhur,0
cscl.co.in/6c614d4ddb17b0dfc6e3c1bc8ddcb25ce25e310b/rs.iudx.org.in/chennai-env-weather/teynampet,0
cscl.co.in/6c614d4ddb17b0dfc6e3c1bc8ddcb25ce25e310b/rs.iudx.org.in/chennai-env-weather/perungudi,0
cscl.co.in/6c614d4ddb17b0dfc6e3c1bc8ddcb25ce25e310b/rs.iudx.org.in/chennai-env-weather/anna-nagar,0
cscl.co.in/6c614d4ddb17b0dfc6e3c1bc8ddcb25ce25e310b/rs.iudx.org.in/chennai-env-weather/kodambakkam,0
nic.in/353f7cb4adcc6d5b14a408b0d34076046994e422/rs.iudx.org.in/chandigarh-point-of-interests/paid-parking-locations,0
nic.in/353f7cb4adcc6d5b14a408b0d34076046994e422/rs.iudx.org.in/chandigarh-point-of-interests/traffic-camera-locations,0
nic.in/353f7cb4adcc6d5b14a408b0d34076046994e422/rs.iudx.org.in/chandigarh-point-of-interests/cctv-locations,0
agrasmartcity.in/2596fbd3d724e5fd241e9ecb8940604be40a492e/rs.iudx.org.in/agra-swm-vehicles/distance-travelled,0
agrasmartcity.in/2596fbd3d724e5fd241e9ecb8940604be40a492e/rs.iudx.org.in/agra-swm-vehicles/live-locations,0
cscl.co.in/6c614d4ddb17b0dfc6e3c1bc8ddcb25ce25e310b/rs.iudx.org.in/chennai-flood-monitoring/FM_Box1_Kathivakkam_High_Road,0
cscl.co.in/6c614d4ddb17b0dfc6e3c1bc8ddcb25ce25e310b/rs.iudx.org.in/chennai-flood-monitoring/FM_Box2_Kathivakkam_High_Road,0
cscl.co.in/6c614d4ddb17b0dfc6e3c1bc8ddcb25ce25e310b/rs.iudx.org.in/chennai-flood-monitoring/FM_Box1_Ezhil_Nagar_Jn_Kodungaiyur_Canal,0
cscl.co.in/6c614d4ddb17b0dfc6e3c1bc8ddcb25ce25e310b/rs.iudx.org.in/chennai-flood-monitoring/FM_Box2_Mc_Road_Subway_Stanley_Hospital,0
cscl.co.in/6c614d4ddb17b0dfc6e3c1bc8ddcb25ce25e310b/rs.iudx.org.in/chennai-flood-monitoring/FM_Box2_Manickam_Nagar_Subway,0
cscl.co.in/6c614d4ddb17b0dfc6e3c1bc8ddcb25ce25e310b/rs.iudx.org.in/chennai-flood-monitoring/FM_Box2_Stanley_Nagar_Subway,0
cscl.co.in/6c614d4ddb17b0dfc6e3c1bc8ddcb25ce25e310b/rs.iudx.org.in/chennai-flood-monitoring/FM_Box1_Spenzer_Plaza_Canal,0
cscl.co.in/6c614d4ddb17b0dfc6e3c1bc8ddcb25ce25e310b/rs.iudx.org.in/chennai-flood-monitoring/FM_Box1_Gengu_Reddy_Subway,0
cscl.co.in/6c614d4ddb17b0dfc6e3c1bc8ddcb25ce25e310b/rs.iudx.org.in/chennai-flood-monitoring/FM_Box2_Vyasarpadi_Subway,0
cscl.co.in/6c614d4ddb17b0dfc6e3c1bc8ddcb25ce25e310b/rs.iudx.org.in/chennai-flood-monitoring/FM_Box1_Kargil_Nagar,0
cscl.co.in/6c614d4ddb17b0dfc6e3c1bc8ddcb25ce25e310b/rs.iudx.org.in/chennai-flood-monitoring/FM_Box1_RBI_Subway,0
cscl.co.in/6c614d4ddb17b0dfc6e3c1bc8ddcb25ce25e310b/rs.iudx.org.in/chennai-flood-monitoring/FM_Box1_Kaliyamman_Kovil_St_Virugambakkam_Canal,0
cscl.co.in/6c614d4ddb17b0dfc6e3c1bc8ddcb25ce25e310b/rs.iudx.org.in/chennai-flood-monitoring/FM_Box1_Stephenson_Bridge_Otteri_Nullah_Canal,0
cscl.co.in/6c614d4ddb17b0dfc6e3c1bc8ddcb25ce25e310b/rs.iudx.org.in/chennai-flood-monitoring/FM_Box1_Perambur_High_Road_Subway,0
cscl.co.in/6c614d4ddb17b0dfc6e3c1bc8ddcb25ce25e310b/rs.iudx.org.in/chennai-flood-monitoring/FM_Box1_Korattur_North_Canal_Lake,0
cscl.co.in/6c614d4ddb17b0dfc6e3c1bc8ddcb25ce25e310b/rs.iudx.org.in/chennai-flood-monitoring/FM_Box_RangarajaPuram_Subway,0
cscl.co.in/6c614d4ddb17b0dfc6e3c1bc8ddcb25ce25e310b/rs.iudx.org.in/chennai-flood-monitoring/FM_Box1_Nungambakkam_subway,0
cscl.co.in/6c614d4ddb17b0dfc6e3c1bc8ddcb25ce25e310b/rs.iudx.org.in/chennai-flood-monitoring/FM_Box1_Villivakkam_Subway,0
cscl.co.in/6c614d4ddb17b0dfc6e3c1bc8ddcb25ce25e310b/rs.iudx.org.in/chennai-flood-monitoring/FM_Box1_Padi_Kuppam_Canal,0
cscl.co.in/6c614d4ddb17b0dfc6e3c1bc8ddcb25ce25e310b/rs.iudx.org.in/chennai-flood-monitoring/FM_Box1_Mylapore_Canal,0
cscl.co.in/6c614d4ddb17b0dfc6e3c1bc8ddcb25ce25e310b/rs.iudx.org.in/chennai-flood-monitoring/FM_Box1_Veerangal_Odai_Near_Puzhuthivakkam,0
cscl.co.in/6c614d4ddb17b0dfc6e3c1bc8ddcb25ce25e310b/rs.iudx.org.in/chennai-flood-monitoring/FM_Box1_Nandambakkam_Canal_Behind_DLF_LT,0
cscl.co.in/6c614d4ddb17b0dfc6e3c1bc8ddcb25ce25e310b/rs.iudx.org.in/chennai-flood-monitoring/FM_Box1_Mambalam_Canal_CIT_Nagar,0
cscl.co.in/6c614d4ddb17b0dfc6e3c1bc8ddcb25ce25e310b/rs.iudx.org.in/chennai-flood-monitoring/FM_Box1_Nandambakkam_Canal_MIOT,0
cscl.co.in/6c614d4ddb17b0dfc6e3c1bc8ddcb25ce25e310b/rs.iudx.org.in/chennai-flood-monitoring/FM_Box1_Jones_Road_Subway,0
cscl.co.in/6c614d4ddb17b0dfc6e3c1bc8ddcb25ce25e310b/rs.iudx.org.in/chennai-flood-monitoring/FM_Box1_Duraisamy_Subway,0
cscl.co.in/6c614d4ddb17b0dfc6e3c1bc8ddcb25ce25e310b/rs.iudx.org.in/chennai-flood-monitoring/FM_Box1_Mount_Subway,0
cscl.co.in/6c614d4ddb17b0dfc6e3c1bc8ddcb25ce25e310b/rs.iudx.org.in/chennai-water-level/b-canal-near-okkiam-maduva,0
cscl.co.in/6c614d4ddb17b0dfc6e3c1bc8ddcb25ce25e310b/rs.iudx.org.in/chennai-water-level/kaliyamman-kovil-st-virugambakkam-canal,0
cscl.co.in/6c614d4ddb17b0dfc6e3c1bc8ddcb25ce25e310b/rs.iudx.org.in/chennai-water-level/ambattur-lake,0
cscl.co.in/6c614d4ddb17b0dfc6e3c1bc8ddcb25ce25e310b/rs.iudx.org.in/chennai-water-level/rbi-subway-well,0
cscl.co.in/6c614d4ddb17b0dfc6e3c1bc8ddcb25ce25e310b/rs.iudx.org.in/chennai-water-level/narayanapuram-lake,0
cscl.co.in/6c614d4ddb17b0dfc6e3c1bc8ddcb25ce25e310b/rs.iudx.org.in/chennai-water-level/kosasthalayar-b-canal,0
cscl.co.in/6c614d4ddb17b0dfc6e3c1bc8ddcb25ce25e310b/rs.iudx.org.in/chennai-water-level/adyar-kottur-puram-canal,0
cscl.co.in/6c614d4ddb17b0dfc6e3c1bc8ddcb25ce25e310b/rs.iudx.org.in/chennai-water-level/b-canal-near-kargil-nagar,0
cscl.co.in/6c614d4ddb17b0dfc6e3c1bc8ddcb25ce25e310b/rs.iudx.org.in/chennai-water-level/manapakkam-canal-thirvalluvar-nagar,0
cscl.co.in/6c614d4ddb17b0dfc6e3c1bc8ddcb25ce25e310b/rs.iudx.org.in/chennai-water-level/ezhil-nagar-jn-of-kodungaiyur-canal,0
cscl.co.in/6c614d4ddb17b0dfc6e3c1bc8ddcb25ce25e310b/rs.iudx.org.in/chennai-water-level/veerangal-odai-near-puzhuthivakkam-mrts,0
cscl.co.in/6c614d4ddb17b0dfc6e3c1bc8ddcb25ce25e310b/rs.iudx.org.in/chennai-water-level/kargil-nagar,0
cscl.co.in/6c614d4ddb17b0dfc6e3c1bc8ddcb25ce25e310b/rs.iudx.org.in/chennai-water-level/rbi-subway-sump,0
cscl.co.in/6c614d4ddb17b0dfc6e3c1bc8ddcb25ce25e310b/rs.iudx.org.in/chennai-water-level/gengu-reddy-subway,0
cscl.co.in/6c614d4ddb17b0dfc6e3c1bc8ddcb25ce25e310b/rs.iudx.org.in/chennai-water-level/aranganathan-subway,0
cscl.co.in/6c614d4ddb17b0dfc6e3c1bc8ddcb25ce25e310b/rs.iudx.org.in/chennai-water-level/b-canal-near-central,0
cscl.co.in/6c614d4ddb17b0dfc6e3c1bc8ddcb25ce25e310b/rs.iudx.org.in/chennai-water-level/nepier-disposal-point,0
cscl.co.in/6c614d4ddb17b0dfc6e3c1bc8ddcb25ce25e310b/rs.iudx.org.in/chennai-water-level/thiruvika-bridge-adyar,0
datakaveri.org/04a15c9960ffda227e9546f3f46e629e1fe4132b/rs.iudx.org.in/pune-env-flood/FWR035,0
datakaveri.org/04a15c9960ffda227e9546f3f46e629e1fe4132b/rs.iudx.org.in/pune-env-flood/FWR050,0
datakaveri.org/04a15c9960ffda227e9546f3f46e629e1fe4132b/rs.iudx.org.in/pune-env-flood/FWR015,0
datakaveri.org/04a15c9960ffda227e9546f3f46e629e1fe4132b/rs.iudx.org.in/pune-env-flood/FWR044,0
datakaveri.org/04a15c9960ffda227e9546f3f46e629e1fe4132b/rs.iudx.org.in/pune-env-flood/FWR052,0
datakaveri.org/04a15c9960ffda227e9546f3f46e629e1fe4132b/rs.iudx.org.in/pune-env-flood/FWR016,0
datakaveri.org/04a15c9960ffda227e9546f3f46e629e1fe4132b/rs.iudx.org.in/pune-env-flood/FWR049,0
datakaveri.org/04a15c9960ffda227e9546f3f46e629e1fe4132b/rs.iudx.org.in/pune-env-flood/FWR018,0
datakaveri.org/04a15c9960ffda227e9546f3f46e629e1fe4132b/rs.iudx.org.in/pune-env-flood/FWR034,0
datakaveri.org/04a15c9960ffda227e9546f3f46e629e1fe4132b/rs.iudx.org.in/pune-env-flood/FWR022,0
datakaveri.org/04a15c9960ffda227e9546f3f46e629e1fe4132b/rs.iudx.org.in/pune-env-flood/FWR017,0
datakaveri.org/04a15c9960ffda227e9546f3f46e629e1fe4132b/rs.iudx.org.in/pune-env-flood/FWR023,0
datakaveri.org/04a15c9960ffda227e9546f3f46e629e1fe4132b/rs.iudx.org.in/pune-env-flood/FWR033,0
datakaveri.org/04a15c9960ffda227e9546f3f46e629e1fe4132b/rs.iudx.org.in/pune-env-flood/FWR021,0
datakaveri.org/04a15c9960ffda227e9546f3f46e629e1fe4132b/rs.iudx.org.in/pune-env-flood/FWR048,0
datakaveri.org/04a15c9960ffda227e9546f3f46e629e1fe4132b/rs.iudx.org.in/pune-env-flood/FWR056,0
datakaveri.org/04a15c9960ffda227e9546f3f46e629e1fe4132b/rs.iudx.org.in/pune-env-flood/FWR020,0
datakaveri.org/04a15c9960ffda227e9546f3f46e629e1fe4132b/rs.iudx.org.in/pune-env-flood/FWR051,0
datakaveri.org/04a15c9960ffda227e9546f3f46e629e1fe4132b/rs.iudx.org.in/pune-env-flood/FWR013,0
datakaveri.org/04a15c9960ffda227e9546f3f46e629e1fe4132b/rs.iudx.org.in/pune-env-flood/FWR065,0
datakaveri.org/04a15c9960ffda227e9546f3f46e629e1fe4132b/rs.iudx.org.in/pune-env-flood/FWR064,0
datakaveri.org/04a15c9960ffda227e9546f3f46e629e1fe4132b/rs.iudx.org.in/pune-env-flood/FWR058,0
datakaveri.org/04a15c9960ffda227e9546f3f46e629e1fe4132b/rs.iudx.org.in/pune-env-flood/FWR063,0
datakaveri.org/04a15c9960ffda227e9546f3f46e629e1fe4132b/rs.iudx.org.in/pune-env-flood/FWR054,0
datakaveri.org/04a15c9960ffda227e9546f3f46e629e1fe4132b/rs.iudx.org.in/pune-env-flood/FWR019,0
datakaveri.org/04a15c9960ffda227e9546f3f46e629e1fe4132b/rs.iudx.org.in/pune-env-flood/FWR055,0
datakaveri.org/04a15c9960ffda227e9546f3f46e629e1fe4132b/rs.iudx.org.in/pune-env-flood/FWR053,0
datakaveri.org/04a15c9960ffda227e9546f3f46e629e1fe4132b/rs.iudx.org.in/pune-env-flood/FWR060,0
datakaveri.org/04a15c9960ffda227e9546f3f46e629e1fe4132b/rs.iudx.org.in/pune-env-flood/FWR061,0
datakaveri.org/04a15c9960ffda227e9546f3f46e629e1fe4132b/rs.iudx.org.in/pune-env-flood/FWR059,0
datakaveri.org/04a15c9960ffda227e9546f3f46e629e1fe4132b/rs.iudx.org.in/pune-env-flood/FWR057,0
datakaveri.org/04a15c9960ffda227e9546f3f46e629e1fe4132b/rs.iudx.org.in/pune-point-of-interests/vms-locations,0
datakaveri.org/04a15c9960ffda227e9546f3f46e629e1fe4132b/rs.iudx.org.in/pune-point-of-interests/ecb-locations,0
datakaveri.org/04a15c9960ffda227e9546f3f46e629e1fe4132b/rs.iudx.org.in/pune-point-of-interests/pa-locations,0
kerala.gov.in/09a298e01cea843c873069b59c0606924d8f480f/rs.iudx.org.in/kannur-point-of-interests/wifi-locations,0
nic.in/353f7cb4adcc6d5b14a408b0d34076046994e422/rs.iudx.org.in/chandigarh-point-of-interests/streetlight-feeder-locations,0
nic.in/353f7cb4adcc6d5b14a408b0d34076046994e422/rs.iudx.org.in/chandigarh-point-of-interests/streetlight-locations,0
datakaveri.org/a92001d3a9598d6f63107be3bd05eba91961ca5e/rs.iudx.org.in/nagpur-point-of-interests/aqm-locations,0
smartcitytumakuru.in/bacef936f16d106508f821f0f4345c7c360c9ff3/rs.iudx.org.in/tumakuru-point-of-interests/cctv-locations,0
smartcitytumakuru.in/bacef936f16d106508f821f0f4345c7c360c9ff3/rs.iudx.org.in/tumakuru-point-of-interests/ecb-locations,0
smartcitytumakuru.in/bacef936f16d106508f821f0f4345c7c360c9ff3/rs.iudx.org.in/tumakuru-point-of-interests/atcs-locations,0
smartcitytumakuru.in/bacef936f16d106508f821f0f4345c7c360c9ff3/rs.iudx.org.in/tumakuru-point-of-interests/env-sensor-locations,0
datakaveri.org/a92001d3a9598d6f63107be3bd05eba91961ca5e/rs.iudx.org.in/nagpur-point-of-interests/smart-parking-locations,0
datakaveri.org/a92001d3a9598d6f63107be3bd05eba91961ca5e/rs.iudx.org.in/nagpur-point-of-interests/digital-kiosk-locations,0
datakaveri.org/a92001d3a9598d6f63107be3bd05eba91961ca5e/rs.iudx.org.in/nagpur-point-of-interests/cctv-locations,0
datakaveri.org/a92001d3a9598d6f63107be3bd05eba91961ca5e/rs.iudx.org.in/nagpur-point-of-interests/atcs-locations,0
nellikka.in/7d1c53427686478ba178c067e8dc551d67df470b/rs.iudx.org.in/kannur-swm/dry-waste-collected,0
datakaveri.org/a92001d3a9598d6f63107be3bd05eba91961ca5e/rs.iudx.org.in/nagpur-point-of-interests/traffic-camera-locations,0
smartcitytvm.in/c6fa48c93cac73f535956d70121ee40df59912cd/rs.iudx.org.in/tvm-mosquito-densities/density-info,0
datakaveri.org/a92001d3a9598d6f63107be3bd05eba91961ca5e/rs.iudx.org.in/nagpur-point-of-interests/wifi-locations,0
datakaveri.org/a92001d3a9598d6f63107be3bd05eba91961ca5e/rs.iudx.org.in/nagpur-point-of-interests/pa-locations,0
datakaveri.org/a92001d3a9598d6f63107be3bd05eba91961ca5e/rs.iudx.org.in/nagpur-point-of-interests/vmsb-locations,0
smartcitytvm.in/c6fa48c93cac73f535956d70121ee40df59912cd/rs.iudx.org.in/tvm-evcharging-stations/station-usage-info,0
datakaveri.org/12df327bb232e576d447d417e9346e3c6cc2b3be/rs.iudx.org.in/bareilly-point-of-interests/env-sensor-locations,0
datakaveri.org/12df327bb232e576d447d417e9346e3c6cc2b3be/rs.iudx.org.in/bareilly-point-of-interests/svd-locations,0
smartcitytumakuru.in/bacef936f16d106508f821f0f4345c7c360c9ff3/rs.iudx.org.in/tumakuru-point-of-interests/smartpole-locations,0
varanasismartcity.gov.in/62d1f729edd3d2a1a090cb1c6c89356296963d55/rs.iudx.org.in/varanasi-swm-additional-info/varanasi-swm-bin-details-100L,0
datakaveri.org/12df327bb232e576d447d417e9346e3c6cc2b3be/rs.iudx.org.in/bareilly-point-of-interests/ecb-locations,0
smartcitytvm.in/c6fa48c93cac73f535956d70121ee40df59912cd/rs.iudx.org.in/tvm-point-of-interests/tvm-evcharging-station-locations,0
datakaveri.org/12df327bb232e576d447d417e9346e3c6cc2b3be/rs.iudx.org.in/bareilly-point-of-interests/vmsb-locations,0
datakaveri.org/12df327bb232e576d447d417e9346e3c6cc2b3be/rs.iudx.org.in/bareilly-point-of-interests/wifi-locations,0
datakaveri.org/12df327bb232e576d447d417e9346e3c6cc2b3be/rs.iudx.org.in/bareilly-point-of-interests/pa-locations,0
gujarat.gov.in/25fe0b1811bf2ab8ee626db19f84d4a2fa4ccb9e/rs.iudx.org.in/gandhinagar-grievance/civic-issues,0
yulu.bike/8d3f8797db270e3c2f4a63aaa8b09bf63d66932b/rs.iudx.org.in/bhubaneswar-bike-docking-locations/station-locations,0
yulu.bike/8d3f8797db270e3c2f4a63aaa8b09bf63d66932b/rs.iudx.org.in/bhubaneswar-bike-docking-info/station-slot-info,0
smartbhopal.city/be4f6266ab6f0ebd625ee31b5841a017f236f5a4/rs.iudx.org.in/bhopal-bike-docking-info/station-slot-info,0
roadmetrics.in/6c02670f1996e7577ad893fd0ac2ba82680f8796/rs.iudx.org.in/bengaluru-road-metrics/road-audit-info,0
yaana.bike/b9fae846198ebc81fdeb9494f003c5051681c42e/rs.iudx.org.in/bhubaneswar-bike-docking-info/station-slot-info,0
yaana.bike/b9fae846198ebc81fdeb9494f003c5051681c42e/rs.iudx.org.in/bhubaneswar-bike-docking-locations/station-locations,0
varanasismartcity.gov.in/62d1f729edd3d2a1a090cb1c6c89356296963d55/rs.iudx.org.in/varanasi-swm-vehicle-live/varanasi-swm-vehicle-pos,0
datakaveri.org/be6471cea544e6953259e6efe499185ae2620cd2/rs.iudx.org.in/raipur-point-of-interests/pa-locations,0
datakaveri.org/be6471cea544e6953259e6efe499185ae2620cd2/rs.iudx.org.in/raipur-point-of-interests/cctv-locations,0
datakaveri.org/be6471cea544e6953259e6efe499185ae2620cd2/rs.iudx.org.in/raipur-point-of-interests/aqm-locations,0
datakaveri.org/4d8bfe32a65330c83f8d43f2fb3026a720c635b5/rs.iudx.org.in/kohima-point-of-interests/hospital-locations,0
datakaveri.org/4d8bfe32a65330c83f8d43f2fb3026a720c635b5/rs.iudx.org.in/kohima-point-of-interests/tourist-locations,0
vmc.gov.in/ae95ac0975a80bd4fd4127c68d3a5b6f141a3436/rs.iudx.org.in/vadodara-citizen-app/civic-issues,0
datakaveri.org/be6471cea544e6953259e6efe499185ae2620cd2/rs.iudx.org.in/raipur-swm-vehicles/live-positions,0
varanasismartcity.gov.in/62d1f729edd3d2a1a090cb1c6c89356296963d55/rs.iudx.org.in/varanasi-swm-vehicle-fuel-info/fuel-consumption,0
datakaveri.org/be6471cea544e6953259e6efe499185ae2620cd2/rs.iudx.org.in/raipur-point-of-interests/vms-locations,0
datakaveri.org/be6471cea544e6953259e6efe499185ae2620cd2/rs.iudx.org.in/raipur-point-of-interests/smartpole-locations,0
suratmunicipal.org/6db486cb4f720e8585ba1f45a931c63c25dbbbda/rs.iudx.org.in/surat-revenue-collection/property-tax,0
datakaveri.org/a92001d3a9598d6f63107be3bd05eba91961ca5e/rs.iudx.org.in/nagpur-env-aqm/aqm-info,0
datakaveri.org/facec5182e3bf44cc3ac42b0b611263676d668a2/rs.iudx.org.in/agartala-point-of-interests/vmd-locations,0
datakaveri.org/facec5182e3bf44cc3ac42b0b611263676d668a2/rs.iudx.org.in/agartala-point-of-interests/wifi-locations,0
varanasismartcity.gov.in/62d1f729edd3d2a1a090cb1c6c89356296963d55/rs.iudx.org.in/varanasi-streetlight/smart-leds,0
smartbhopal.city/be4f6266ab6f0ebd625ee31b5841a017f236f5a4/rs.iudx.org.in/bhopal-itms-additional-info/route-shape-info,0
smartbhopal.city/be4f6266ab6f0ebd625ee31b5841a017f236f5a4/rs.iudx.org.in/bhopal-itms-additional-info/bus-route-info,0
datakaveri.org/facec5182e3bf44cc3ac42b0b611263676d668a2/rs.iudx.org.in/agartala-point-of-interests/pa-locations,0
datakaveri.org/facec5182e3bf44cc3ac42b0b611263676d668a2/rs.iudx.org.in/agartala-point-of-interests/ecb-locations,0
nic.in/353f7cb4adcc6d5b14a408b0d34076046994e422/rs.iudx.org.in/chandigarh-itms-info/route-shape-info,0
datakaveri.org/facec5182e3bf44cc3ac42b0b611263676d668a2/rs.iudx.org.in/agartala-point-of-interests/digital-kiosk-locations,0
ahmedabadcity.gov.in/916dcebcea50b550f573d5e39a2518d8a4ff30d1/rs.iudx.org.in/ahmedabad-smart-toilets/usage-and-revenue,0
elcita.in/5c6cb972398bd01ad8c299f1e55da815e0c394f0/rs.iudx.org.in/bengaluru-elcita-shuttle/shuttle-schedules,0
datakaveri.org/be6471cea544e6953259e6efe499185ae2620cd2/rs.iudx.org.in/raipur-env-aqm/aqm-info,0
datakaveri.org/f85774a2647d8cf15b87a34c916f2bc20ae2f1f4/rs.iudx.org.in/belagavi-emergency-vehicles/ambulance-live,0
datakaveri.org/f85774a2647d8cf15b87a34c916f2bc20ae2f1f4/rs.iudx.org.in/belagavi-emergency-vehicles/fire-engine-live,0
gov.in/a44543eedbd41545746ea766e84dd759d9decbf6/rs.iudx.org.in/jaipur-manhole-sensor/level-info,0
gov.in/a44543eedbd41545746ea766e84dd759d9decbf6/rs.iudx.org.in/jaipur-point-of-interests/manhole-locations,0
gvsccl.in/e9da8ac8e57c965f51c068bf8c152f4c1d53e5e4/rs.iudx.org.in/visakhapatnam-point-of-interests/smartpole-locations,0
gvsccl.in/e9da8ac8e57c965f51c068bf8c152f4c1d53e5e4/rs.iudx.org.in/visakhapatnam-point-of-interests/rlvd-locations,0
gvsccl.in/e9da8ac8e57c965f51c068bf8c152f4c1d53e5e4/rs.iudx.org.in/visakhapatnam-point-of-interests/cctv-locations,0
kanpursmartcity.org/317e9f65dc9f1e8fa1f0671e7a774f65d478675b/rs.iudx.org.in/kanpur-swm-vehicles/live-positions,0
kanpursmartcity.org/317e9f65dc9f1e8fa1f0671e7a774f65d478675b/rs.iudx.org.in/kanpur-point-of-interests/vmsb-locations,0
kanpursmartcity.org/317e9f65dc9f1e8fa1f0671e7a774f65d478675b/rs.iudx.org.in/kanpur-point-of-interests/pa-locations,0
gvsccl.in/e9da8ac8e57c965f51c068bf8c152f4c1d53e5e4/rs.iudx.org.in/visakhapatnam-point-of-interests/vmb-locations,0
kanpursmartcity.org/317e9f65dc9f1e8fa1f0671e7a774f65d478675b/rs.iudx.org.in/kanpur-point-of-interests/wifi-locations,0
kanpursmartcity.org/317e9f65dc9f1e8fa1f0671e7a774f65d478675b/rs.iudx.org.in/kanpur-env-aqm/aqm-info,0
kanpursmartcity.org/317e9f65dc9f1e8fa1f0671e7a774f65d478675b/rs.iudx.org.in/kanpur-point-of-interests/aqm-sensor-locations,0
kanpursmartcity.org/317e9f65dc9f1e8fa1f0671e7a774f65d478675b/rs.iudx.org.in/kanpur-point-of-interests/traffic-camera-locations,0
kanpursmartcity.org/317e9f65dc9f1e8fa1f0671e7a774f65d478675b/rs.iudx.org.in/kanpur-point-of-interests/anpr-locations,0
kanpursmartcity.org/317e9f65dc9f1e8fa1f0671e7a774f65d478675b/rs.iudx.org.in/kanpur-point-of-interests/ems-locations,0
kanpursmartcity.org/317e9f65dc9f1e8fa1f0671e7a774f65d478675b/rs.iudx.org.in/kanpur-point-of-interests/cctv-locations,0
kanpursmartcity.org/317e9f65dc9f1e8fa1f0671e7a774f65d478675b/rs.iudx.org.in/kanpur-point-of-interests/ecb-locations,0
kanpursmartcity.org/317e9f65dc9f1e8fa1f0671e7a774f65d478675b/rs.iudx.org.in/kanpur-point-of-interests/atcs-locations,0
datakaveri.org/904b1e7fbbcde380839ab7dab174ba204cfa0b1a/rs.iudx.org.in/sagar-point-of-interests/traffic-camera-locations,0
datakaveri.org/904b1e7fbbcde380839ab7dab174ba204cfa0b1a/rs.iudx.org.in/sagar-point-of-interests/cctv-locations,0
datakaveri.org/904b1e7fbbcde380839ab7dab174ba204cfa0b1a/rs.iudx.org.in/sagar-point-of-interests/pa-locations,0
datakaveri.org/904b1e7fbbcde380839ab7dab174ba204cfa0b1a/rs.iudx.org.in/sagar-point-of-interests/ecb-locations,0
gujarat.gov.in/25fe0b1811bf2ab8ee626db19f84d4a2fa4ccb9e/rs.iudx.org.in/gandhinagar-swm-vehicles/pickup-zones,0
gujarat.gov.in/25fe0b1811bf2ab8ee626db19f84d4a2fa4ccb9e/rs.iudx.org.in/gandhinagar-swm-vehicles/route-shape-info,0
dahodsmartcity.in/4eed16378ec4e797bdd0427775acffa9b4b33f77/rs.iudx.org.in/dahod-grievance/civic-issues,0
gujarat.gov.in/25fe0b1811bf2ab8ee626db19f84d4a2fa4ccb9e/rs.iudx.org.in/gandhinagar-swm-vehicles/waste-collected-unassigned,0
gujarat.gov.in/25fe0b1811bf2ab8ee626db19f84d4a2fa4ccb9e/rs.iudx.org.in/gandhinagar-swm-vehicles/waste-collected-assigned,0
gujarat.gov.in/25fe0b1811bf2ab8ee626db19f84d4a2fa4ccb9e/rs.iudx.org.in/gandhinagar-swm-vehicles/vehicle-info,0
gujarat.gov.in/25fe0b1811bf2ab8ee626db19f84d4a2fa4ccb9e/rs.iudx.org.in/gandhinagar-swm-vehicles/live-locations,0
ahmedabadcity.gov.in/916dcebcea50b550f573d5e39a2518d8a4ff30d1/rs.iudx.org.in/ahmedabad-smart-toilets/smart-toilet-locations,0
nic.in/353f7cb4adcc6d5b14a408b0d34076046994e422/rs.iudx.org.in/chandigarh-itms-info/chandigarh-itms-live-eta,0
datakaveri.org/f85774a2647d8cf15b87a34c916f2bc20ae2f1f4/rs.iudx.org.in/belagavi-itms-info/route-info,0
datakaveri.org/d0df35a27af34af550f0a0a73866a803c182fd76/rs.iudx.org.in/lucknow-point-of-interests/wifi-locations,0
datakaveri.org/d0df35a27af34af550f0a0a73866a803c182fd76/rs.iudx.org.in/lucknow-point-of-interests/pa-locations,0
datakaveri.org/d0df35a27af34af550f0a0a73866a803c182fd76/rs.iudx.org.in/lucknow-point-of-interests/vmsb-locations,0
datakaveri.org/d0df35a27af34af550f0a0a73866a803c182fd76/rs.iudx.org.in/lucknow-env-aqm/bosch-aqm-info,0
datakaveri.org/d0df35a27af34af550f0a0a73866a803c182fd76/rs.iudx.org.in/lucknow-point-of-interests/ecb-locations,0
ahmedabadcity.gov.in/916dcebcea50b550f573d5e39a2518d8a4ff30d1/rs.iudx.org.in/ahmedabad-smart-parking/smart-parking-locations,0
datakaveri.org/d0df35a27af34af550f0a0a73866a803c182fd76/rs.iudx.org.in/lucknow-env-aqm/bosch-aqm-locations,0
pcmcindia.gov.in/d6b9c76cf48cd740de64b573ae6fa5f334df6ef6/rs.iudx.org.in/pimpri-chinchwad-swm/live-location,0
nic.in/353f7cb4adcc6d5b14a408b0d34076046994e422/rs.iudx.org.in/chandigarh-itms-info/trip-stop-schedules,0
pcmcindia.gov.in/d6b9c76cf48cd740de64b573ae6fa5f334df6ef6/rs.iudx.org.in/pimpri-chinchwad-swm/waste-collection,0
gov.in/dd81437d71e193a1a950cb40f11c42357957bbb1/rs.iudx.org.in/bhubaneswar-revenue-collection/property-tax-collection,0
ahmedabadcity.gov.in/916dcebcea50b550f573d5e39a2518d8a4ff30d1/rs.iudx.org.in/ahmedabad-bike-docking-info/mybyk-bikes-availability-info,0
ahmedabadcity.gov.in/916dcebcea50b550f573d5e39a2518d8a4ff30d1/rs.iudx.org.in/ahmedabad-bike-docking-info/mybyk-station-locations,0
ahmedabadcity.gov.in/916dcebcea50b550f573d5e39a2518d8a4ff30d1/rs.iudx.org.in/ahmedabad-grievances/civic-issues,0
pcmcindia.gov.in/d6b9c76cf48cd740de64b573ae6fa5f334df6ef6/rs.iudx.org.in/pimpri-chinchwad-env-aqm/env-sensor-info,0
pcmcindia.gov.in/d6b9c76cf48cd740de64b573ae6fa5f334df6ef6/rs.iudx.org.in/pimpri-chinchwad-env-aqm/env-aqm-location,0
dahodsmartcity.in/4eed16378ec4e797bdd0427775acffa9b4b33f77/rs.iudx.org.in/dahod-env-aqm/aqm-locations,0
datakaveri.org/367b7f6e9bb804eca51d5d7be047f3c00270a694/rs.iudx.org.in/prayagraj-point-of-interests/atcs-locations,0
datakaveri.org/367b7f6e9bb804eca51d5d7be047f3c00270a694/rs.iudx.org.in/prayagraj-point-of-interests/cctv-locations,0
datakaveri.org/367b7f6e9bb804eca51d5d7be047f3c00270a694/rs.iudx.org.in/prayagraj-point-of-interests/env-sensor-locations,0
datakaveri.org/367b7f6e9bb804eca51d5d7be047f3c00270a694/rs.iudx.org.in/prayagraj-point-of-interests/rlvd-locations,0
datakaveri.org/367b7f6e9bb804eca51d5d7be047f3c00270a694/rs.iudx.org.in/prayagraj-point-of-interests/vmd-locations,0
dahodsmartcity.in/4eed16378ec4e797bdd0427775acffa9b4b33f77/rs.iudx.org.in/dahod-env-aqm/aqm-info,0
datakaveri.org/f85774a2647d8cf15b87a34c916f2bc20ae2f1f4/rs.iudx.org.in/belagavi-itms-info/route-shape-info,0
datakaveri.org/f85774a2647d8cf15b87a34c916f2bc20ae2f1f4/rs.iudx.org.in/belagavi-itms-info/live-locations,0
datakaveri.org/367b7f6e9bb804eca51d5d7be047f3c00270a694/rs.iudx.org.in/prayagraj-point-of-interests/anpr-locations,0
datakaveri.org/367b7f6e9bb804eca51d5d7be047f3c00270a694/rs.iudx.org.in/prayagraj-point-of-interests/swm-cctv-locations,0
datakaveri.org/be6471cea544e6953259e6efe499185ae2620cd2/rs.iudx.org.in/raipur-emergency-vehicles/ambulance-live,0
datakaveri.org/f85774a2647d8cf15b87a34c916f2bc20ae2f1f4/rs.iudx.org.in/belagavi-itms-info/route-stop-schedules,0
rmc.gov.in/c344cf2cb2ec9f694ba84e2121b07ab12039837c/rs.iudx.org.in/rajkot-point-of-interests/cctv-locations,0
datakaveri.org/f85774a2647d8cf15b87a34c916f2bc20ae2f1f4/rs.iudx.org.in/belagavi-itms-info/bus-stops-info,0
ahmedabadcity.gov.in/916dcebcea50b550f573d5e39a2518d8a4ff30d1/rs.iudx.org.in/ahmedabad-smart-parking/parking-info,0
ahmedabadcity.gov.in/916dcebcea50b550f573d5e39a2518d8a4ff30d1/rs.iudx.org.in/ahmedabad-smart-heritages/site-locations,0
ahmedabadcity.gov.in/916dcebcea50b550f573d5e39a2518d8a4ff30d1/rs.iudx.org.in/ahmedabad-smart-heritages/kiosk-visitor-info,0
ahmedabadcity.gov.in/916dcebcea50b550f573d5e39a2518d8a4ff30d1/rs.iudx.org.in/ahmedabad-smart-heritages/visitor-count-info,0
ahmedabadcity.gov.in/916dcebcea50b550f573d5e39a2518d8a4ff30d1/rs.iudx.org.in/ahmedabad-smart-heritages/kiosk-locations,0
